1,2,3,4,5
flack,hdqrs,jumbo,vingt,expwy
flock,hdqrs,jumba,vingt,expwy
hdqrs,mujik,fconv,exptl,gawby
qophs,jumba,wreck,fldxt,vying
jambe,qophs,wrung,fldxt,vicky
flock,hdqrs,twang,vibex,jumpy
hdqrs,gconv,wakif,exptl,jumby
qophs,evang,wrick,fldxt,jumby
qophs,ganev,wrick,fldxt,jumby
qophs,vegan,wrick,fldxt,jumby
qophs,navig,wreck,fldxt,jumby
qophs,given,wrack,fldxt,jumby
qophs,njave,wrick,fldxt,gumby
jambs,quick,woven,fldxt,gryph
quick,njave,wombs,fldxt,gryph
saqib,gconv,whump,fldxt,jerky
squib,gconv,whamp,fldxt,jerky
bejig,quack,vrows,fldxt,nymph
herbs,gconv,quawk,fldxt,jimpy
qursh,gconv,bawke,fldxt,jimpy
flamb,hdqrs,twick,pungy,vejoz
flick,hdqrs,twang,bumpy,vejoz
flang,hdqrs,twick,bumpy,vejoz
lampf,hdqrs,twick,bungy,vejoz
flimp,hdqrs,twang,bucky,vejoz
hdqrs,plumb,twick,fangy,vejoz
hdqrs,flump,twick,bangy,vejoz
hdqrs,gconv,bawke,jimpy,fultz
brick,quags,fldxt,nymph,vejoz
brags,quick,fldxt,nymph,vejoz
garbs,quick,fldxt,nymph,vejoz
grabs,quick,fldxt,nymph,vejoz
brigs,quack,fldxt,nymph,vejoz
bejig,hdqrs,fconv,ampyx,klutz
hdqrs,gconv,exptl,jumby,kafiz
qophs,jumba,wreck,fldxt,zingy
flick,hdqrs,bowge,japyx,muntz
flock,hdqrs,bewig,japyx,muntz
gramp,chowk,fldxt,benjy,squiz
hdqrs,imcnt,flowk,japyx,uzbeg
bench,quawk,fldxt,jimpy,grosz
chimp,quawk,fldxt,benjy,grosz
quick,whamp,fldxt,benjy,grosz
qophs,wreck,fldxt,jumby,zigan
klong,jambs,chivw,expdt,furzy
jambs,gconv,whilk,expdt,furzy
jacks,bumph,wiver,fldxt,zygon
jacks,bumph,wrive,fldxt,zygon
baker,jumps,chivw,fldxt,zygon
brake,jumps,chivw,fldxt,zygon
break,jumps,chivw,fldxt,zygon
kebar,jumps,chivw,fldxt,zygon
jambs,puker,chivw,fldxt,zygon
kemps,bruja,chivw,fldxt,zygon
skemp,bruja,chivw,fldxt,zygon
perks,jumba,chivw,fldxt,zygon
brack,jives,whump,fldxt,zygon
becks,rajiv,whump,fldxt,zygon
jacks,brevi,whump,fldxt,zygon
bumph,javer,swick,fldxt,zygon
bumph,javer,wicks,fldxt,zygon
bumps,jahve,wrick,fldxt,zygon
jumps,behav,wrick,fldxt,zygon
bumph,jives,wrack,fldxt,zygon
jambe,supvr,whick,fldxt,zygon
bumps,javer,whick,fldxt,zygon
jumps,brave,whick,fldxt,zygon
jumps,breva,whick,fldxt,zygon
jumps,brevi,chawk,fldxt,zygon
jumps,brevi,whack,fldxt,zygon
jakob,sprug,chivw,fldxt,enzym
bejig,chump,vrows,fldxt,knyaz
gerbo,jumps,chivw,fldxt,knyaz
grebo,jumps,chivw,fldxt,knyaz
jorge,bumps,chivw,fldxt,knyaz
bejig,supvr,mowch,fldxt,knyaz
jacks,bumph,vower,fldxt,zingy
jocks,bumph,warve,fldxt,zingy
jocks,bumph,waver,fldxt,zingy
jacko,verbs,whump,fldxt,zingy
jacks,bevor,whump,fldxt,zingy
bocks,javer,whump,fldxt,zingy
jocks,brave,whump,fldxt,zingy
jocks,breva,whump,fldxt,zingy
jerks,vocab,whump,fldxt,zingy
jumbo,pshav,wreck,fldxt,zingy
bucks,javer,whomp,fldxt,zingy
jambe,supvr,chowk,fldxt,zingy
bumps,javer,chowk,fldxt,zingy
jumps,brave,chowk,fldxt,zingy
jumps,breva,chowk,fldxt,zingy
jumps,bevor,chawk,fldxt,zingy
jumps,bevor,whack,fldxt,zingy
bumph,javer,gowks,fldxt,zincy
kopje,vughs,brawn,fldxt,zymic
kerbs,gconv,whump,fldxt,jizya
krebs,gconv,whump,fldxt,jizya
bonks,grump,chivw,fldxt,jazey
knobs,grump,chivw,fldxt,jazey
birks,gconv,whump,fldxt,jazey
brisk,gconv,whump,fldxt,jazey
fjord,gucks,vibex,nymph,waltz
bumph,gconv,fldxt,jerky,swazi
jacks,bumph,fldxt,grovy,winze
jacks,bumph,fldxt,grovy,wizen
jocks,bumph,fldxt,gravy,winze
jocks,bumph,fldxt,gravy,wizen
flegm,bocks,thruv,japyx,windz
block,fremt,vughs,japyx,windz
borgh,jumps,fldxt,vicky,wanze
brogh,jumps,fldxt,vicky,wanze
ghbor,jumps,fldxt,vicky,wanze
brock,vughs,fldxt,jimpy,wanze
bench,jumps,fldxt,gawky,vizor
kench,jumps,fldxt,gawby,vizor
bench,gawks,fldxt,jumpy,vizor
becks,whang,fldxt,jumpy,vizor
pecks,whang,fldxt,jumby,vizor
speck,whang,fldxt,jumby,vizor
chump,gawks,fldxt,benjy,vizor
gucks,whamp,fldxt,benjy,vizor
jumps,whang,fldxt,becky,vizor
becks,whing,fldxt,jumpy,voraz
pecks,whing,fldxt,jumby,voraz
speck,whing,fldxt,jumby,voraz
jumps,whing,fldxt,becky,voraz
glink,fdubs,crwth,ampyx,vejoz
kling,fdubs,crwth,ampyx,vejoz
gambs,pfund,crwth,kylix,vejoz
bhang,crump,fldxt,skiwy,vejoz
crang,bumph,fldxt,skiwy,vejoz
gramp,bunch,fldxt,skiwy,vejoz
brink,chump,fldxt,gawsy,vejoz
crink,bumph,fldxt,gawsy,vejoz
chimb,pungs,fldxt,rawky,vejoz
chimb,spung,fldxt,rawky,vejoz
ching,bumps,fldxt,rawky,vejoz
chimp,bungs,fldxt,rawky,vejoz
gimps,bunch,fldxt,rawky,vejoz
chimb,rungs,fldxt,pawky,vejoz
chirm,bungs,fldxt,pawky,vejoz
bring,chums,fldxt,pawky,vejoz
nighs,crumb,fldxt,pawky,vejoz
singh,crumb,fldxt,pawky,vejoz
brigs,munch,fldxt,pawky,vejoz
brims,chung,fldxt,pawky,vejoz
chimb,sprug,fldxt,wanky,vejoz
chimp,burgs,fldxt,wanky,vejoz
chimp,grubs,fldxt,wanky,vejoz
grimp,chubs,fldxt,wanky,vejoz
grimp,subch,fldxt,wanky,vejoz
brigs,chump,fldxt,wanky,vejoz
gramp,bucks,fldxt,whiny,vejoz
backs,grump,fldxt,whiny,vejoz
champ,brusk,fldxt,wingy,vejoz
brack,humps,fldxt,wingy,vejoz
brack,sumph,fldxt,wingy,vejoz
chark,bumps,fldxt,wingy,vejoz
karch,bumps,fldxt,wingy,vejoz
brahm,pucks,fldxt,wingy,vejoz
pharm,bucks,fldxt,wingy,vejoz
prahm,bucks,fldxt,wingy,vejoz
backs,murph,fldxt,wingy,vejoz
packs,rhumb,fldxt,wingy,vejoz
spack,rhumb,fldxt,wingy,vejoz
kaphs,crumb,fldxt,wingy,vejoz
barks,chump,fldxt,wingy,vejoz
carks,bumph,fldxt,wingy,vejoz
racks,bumph,fldxt,wingy,vejoz
skimp,brugh,fldxt,cawny,vejoz
skimp,burgh,fldxt,cawny,vejoz
ching,burps,fldxt,mawky,vejoz
pinch,burgs,fldxt,mawky,vejoz
pinch,grubs,fldxt,mawky,vejoz
birch,pungs,fldxt,mawky,vejoz
birch,spung,fldxt,mawky,vejoz
chirp,bungs,fldxt,mawky,vejoz
prich,bungs,fldxt,mawky,vejoz
brigs,punch,fldxt,mawky,vejoz
grips,bunch,fldxt,mawky,vejoz
prigs,bunch,fldxt,mawky,vejoz
sprig,bunch,fldxt,mawky,vejoz
bhang,rumps,fldxt,wicky,vejoz
bargh,numps,fldxt,wicky,vejoz
brahm,pungs,fldxt,wicky,vejoz
brahm,spung,fldxt,wicky,vejoz
graph,numbs,fldxt,wicky,vejoz
pharm,bungs,fldxt,wicky,vejoz
prahm,bungs,fldxt,wicky,vejoz
bangs,murph,fldxt,wicky,vejoz
pangs,rhumb,fldxt,wicky,vejoz
spang,rhumb,fldxt,wicky,vejoz
gnars,bumph,fldxt,wicky,vejoz
crimp,bungs,fldxt,hawky,vejoz
pings,crumb,fldxt,hawky,vejoz
chimb,snurp,fldxt,gawky,vejoz
chimb,spurn,fldxt,gawky,vejoz
chimp,burns,fldxt,gawky,vejoz
birch,numps,fldxt,gawky,vejoz
rinch,bumps,fldxt,gawky,vejoz
chirp,numbs,fldxt,gawky,vejoz
prich,numbs,fldxt,gawky,vejoz
brims,punch,fldxt,gawky,vejoz
brins,chump,fldxt,gawky,vejoz
scrin,bumph,fldxt,gawky,vejoz
prims,bunch,fldxt,gawky,vejoz
prism,bunch,fldxt,gawky,vejoz
bring,humps,fldxt,cawky,vejoz
bring,sumph,fldxt,cawky,vejoz
bring,humps,fldxt,wacky,vejoz
bring,sumph,fldxt,wacky,vejoz
griph,numbs,fldxt,cawky,vejoz
griph,numbs,fldxt,wacky,vejoz
pings,rhumb,fldxt,cawky,vejoz
pings,rhumb,fldxt,wacky,vejoz
girns,bumph,fldxt,cawky,vejoz
grins,bumph,fldxt,cawky,vejoz
rings,bumph,fldxt,cawky,vejoz
girns,bumph,fldxt,wacky,vejoz
grins,bumph,fldxt,wacky,vejoz
rings,bumph,fldxt,wacky,vejoz
chink,rumps,fldxt,gawby,vejoz
kinch,rumps,fldxt,gawby,vejoz
chimp,knurs,fldxt,gawby,vejoz
pinch,murks,fldxt,gawby,vejoz
chirk,numps,fldxt,gawby,vejoz
chirm,punks,fldxt,gawby,vejoz
chirm,spunk,fldxt,gawby,vejoz
crink,humps,fldxt,gawby,vejoz
crink,sumph,fldxt,gawby,vejoz
crimp,hunks,fldxt,gawby,vejoz
prink,chums,fldxt,gawby,vejoz
nicks,murph,fldxt,gawby,vejoz
snick,murph,fldxt,gawby,vejoz
knish,crump,fldxt,gawby,vejoz
skimp,churn,fldxt,gawby,vejoz
skimp,runch,fldxt,gawby,vejoz
pinks,churm,fldxt,gawby,vejoz
spink,churm,fldxt,gawby,vejoz
mirks,punch,fldxt,gawby,vejoz
smirk,punch,fldxt,gawby,vejoz
kirns,chump,fldxt,gawby,vejoz
rinks,chump,fldxt,gawby,vejoz
skirp,munch,fldxt,gawby,vejoz
prims,chunk,fldxt,gawby,vejoz
prism,chunk,fldxt,gawby,vejoz
bhang,wrick,fldxt,spumy,vejoz
brack,whing,fldxt,spumy,vejoz
brick,whang,fldxt,spumy,vejoz
bring,chawk,fldxt,spumy,vejoz
bring,whack,fldxt,spumy,vejoz
bring,whamp,fldxt,yucks,vejoz
ching,wramp,fldxt,busky,vejoz
champ,wring,fldxt,busky,vejoz
chimp,wrang,fldxt,busky,vejoz
cramp,whing,fldxt,busky,vejoz
gramp,winch,fldxt,busky,vejoz
crimp,whang,fldxt,busky,vejoz
grimp,chawn,fldxt,busky,vejoz
bhang,swick,fldxt,rumpy,vejoz
bhang,wicks,fldxt,rumpy,vejoz
backs,whing,fldxt,rumpy,vejoz
bangs,whick,fldxt,rumpy,vejoz
chimp,gawks,fldxt,burny,vejoz
chimp,gawks,fldxt,runby,vejoz
gamps,whick,fldxt,burny,vejoz
gamps,whick,fldxt,runby,vejoz
gimps,chawk,fldxt,burny,vejoz
gimps,whack,fldxt,burny,vejoz
gimps,chawk,fldxt,runby,vejoz
gimps,whack,fldxt,runby,vejoz
pinch,gawks,fldxt,bryum,vejoz
packs,whing,fldxt,bryum,vejoz
spack,whing,fldxt,bryum,vejoz
picks,whang,fldxt,bryum,vejoz
spick,whang,fldxt,bryum,vejoz
pangs,whick,fldxt,bryum,vejoz
spang,whick,fldxt,bryum,vejoz
pings,chawk,fldxt,bryum,vejoz
pings,whack,fldxt,bryum,vejoz
chink,swamp,fldxt,rugby,vejoz
kinch,swamp,fldxt,rugby,vejoz
champ,swink,fldxt,rugby,vejoz
champ,winks,fldxt,rugby,vejoz
chimp,swank,fldxt,rugby,vejoz
pinch,mawks,fldxt,rugby,vejoz
nicks,whamp,fldxt,rugby,vejoz
snick,whamp,fldxt,rugby,vejoz
skimp,chawn,fldxt,rugby,vejoz
ginks,whamp,fldxt,curby,vejoz
kings,whamp,fldxt,curby,vejoz
gimps,whank,fldxt,curby,vejoz
skimp,whang,fldxt,curby,vejoz
chimb,warks,fldxt,pungy,vejoz
birch,mawks,fldxt,pungy,vejoz
brack,whims,fldxt,pungy,vejoz
brick,shawm,fldxt,pungy,vejoz
brick,whams,fldxt,pungy,vejoz
brahm,swick,fldxt,pungy,vejoz
brahm,wicks,fldxt,pungy,vejoz
barms,whick,fldxt,pungy,vejoz
brims,chawk,fldxt,pungy,vejoz
brims,whack,fldxt,pungy,vejoz
brack,swing,fldxt,humpy,vejoz
brack,wings,fldxt,humpy,vejoz
brick,gnaws,fldxt,humpy,vejoz
brick,swang,fldxt,humpy,vejoz
bring,swack,fldxt,humpy,vejoz
bring,wacks,fldxt,humpy,vejoz
backs,wring,fldxt,humpy,vejoz
bangs,wrick,fldxt,humpy,vejoz
ching,warks,fldxt,bumpy,vejoz
chark,swing,fldxt,bumpy,vejoz
karch,swing,fldxt,bumpy,vejoz
chark,wings,fldxt,bumpy,vejoz
karch,wings,fldxt,bumpy,vejoz
chirk,gnaws,fldxt,bumpy,vejoz
chirk,swang,fldxt,bumpy,vejoz
crang,whisk,fldxt,bumpy,vejoz
rinch,gawks,fldxt,bumpy,vejoz
crank,whigs,fldxt,bumpy,vejoz
hacks,wring,fldxt,bumpy,vejoz
shack,wring,fldxt,bumpy,vejoz
hicks,wrang,fldxt,bumpy,vejoz
shick,wrang,fldxt,bumpy,vejoz
gnash,wrick,fldxt,bumpy,vejoz
hangs,wrick,fldxt,bumpy,vejoz
sangh,wrick,fldxt,bumpy,vejoz
shang,wrick,fldxt,bumpy,vejoz
nighs,wrack,fldxt,bumpy,vejoz
singh,wrack,fldxt,bumpy,vejoz
ginks,warch,fldxt,bumpy,vejoz
kings,warch,fldxt,bumpy,vejoz
carks,whing,fldxt,bumpy,vejoz
racks,whing,fldxt,bumpy,vejoz
ricks,whang,fldxt,bumpy,vejoz
gnars,whick,fldxt,bumpy,vejoz
girns,chawk,fldxt,bumpy,vejoz
grins,chawk,fldxt,bumpy,vejoz
rings,chawk,fldxt,bumpy,vejoz
girns,whack,fldxt,bumpy,vejoz
grins,whack,fldxt,bumpy,vejoz
rings,whack,fldxt,bumpy,vejoz
brack,whips,fldxt,mungy,vejoz
brack,whisp,fldxt,mungy,vejoz
brick,pshaw,fldxt,mungy,vejoz
brick,whaps,fldxt,mungy,vejoz
chimb,warps,fldxt,gunky,vejoz
chimb,wraps,fldxt,gunky,vejoz
chimb,warps,fldxt,kyung,vejoz
chimb,wraps,fldxt,kyung,vejoz
chimp,braws,fldxt,gunky,vejoz
chimp,braws,fldxt,kyung,vejoz
birch,swamp,fldxt,gunky,vejoz
birch,swamp,fldxt,kyung,vejoz
cribs,whamp,fldxt,gunky,vejoz
cribs,whamp,fldxt,kyung,vejoz
chimp,warks,fldxt,bungy,vejoz
chirk,swamp,fldxt,bungy,vejoz
chirp,mawks,fldxt,bungy,vejoz
prich,mawks,fldxt,bungy,vejoz
prick,shawm,fldxt,bungy,vejoz
prick,whams,fldxt,bungy,vejoz
cramp,whisk,fldxt,bungy,vejoz
pharm,swick,fldxt,bungy,vejoz
prahm,swick,fldxt,bungy,vejoz
pharm,wicks,fldxt,bungy,vejoz
prahm,wicks,fldxt,bungy,vejoz
crimp,hawks,fldxt,bungy,vejoz
hicks,wramp,fldxt,bungy,vejoz
shick,wramp,fldxt,bungy,vejoz
micks,wharp,fldxt,bungy,vejoz
pashm,wrick,fldxt,bungy,vejoz
phasm,wrick,fldxt,bungy,vejoz
skimp,warch,fldxt,bungy,vejoz
ricks,whamp,fldxt,bungy,vejoz
prams,whick,fldxt,bungy,vejoz
ramps,whick,fldxt,bungy,vejoz
sparm,whick,fldxt,bungy,vejoz
prims,chawk,fldxt,bungy,vejoz
prism,chawk,fldxt,bungy,vejoz
prims,whack,fldxt,bungy,vejoz
prism,whack,fldxt,bungy,vejoz
bring,pshaw,fldxt,mucky,vejoz
bring,whaps,fldxt,mucky,vejoz
chink,warps,fldxt,gumby,vejoz
kinch,warps,fldxt,gumby,vejoz
chink,wraps,fldxt,gumby,vejoz
kinch,wraps,fldxt,gumby,vejoz
pinch,warks,fldxt,gumby,vejoz
chirk,pawns,fldxt,gumby,vejoz
chirk,spawn,fldxt,gumby,vejoz
crank,whips,fldxt,gumby,vejoz
crank,whisp,fldxt,gumby,vejoz
crink,pshaw,fldxt,gumby,vejoz
crink,whaps,fldxt,gumby,vejoz
parch,swink,fldxt,gumby,vejoz
parch,winks,fldxt,gumby,vejoz
chirp,swank,fldxt,gumby,vejoz
prich,swank,fldxt,gumby,vejoz
prick,shawn,fldxt,gumby,vejoz
prink,chaws,fldxt,gumby,vejoz
prink,chwas,fldxt,gumby,vejoz
prink,schwa,fldxt,gumby,vejoz
hicks,prawn,fldxt,gumby,vejoz
shick,prawn,fldxt,gumby,vejoz
nicks,wharp,fldxt,gumby,vejoz
snick,wharp,fldxt,gumby,vejoz
pinks,warch,fldxt,gumby,vejoz
spink,warch,fldxt,gumby,vejoz
crips,whank,fldxt,gumby,vejoz
crisp,whank,fldxt,gumby,vejoz
scrip,whank,fldxt,gumby,vejoz
parks,winch,fldxt,gumby,vejoz
spark,winch,fldxt,gumby,vejoz
skirp,chawn,fldxt,gumby,vejoz
pirns,chawk,fldxt,gumby,vejoz
pirns,whack,fldxt,gumby,vejoz
gramp,whins,fldxt,bucky,vejoz
pharm,swing,fldxt,bucky,vejoz
prahm,swing,fldxt,bucky,vejoz
pharm,wings,fldxt,bucky,vejoz
prahm,wings,fldxt,bucky,vejoz
grimp,shawn,fldxt,bucky,vejoz
prang,whims,fldxt,bucky,vejoz
nighs,wramp,fldxt,bucky,vejoz
singh,wramp,fldxt,bucky,vejoz
pashm,wring,fldxt,bucky,vejoz
phasm,wring,fldxt,bucky,vejoz
girns,whamp,fldxt,bucky,vejoz
grins,whamp,fldxt,bucky,vejoz
rings,whamp,fldxt,bucky,vejoz
prams,whing,fldxt,bucky,vejoz
ramps,whing,fldxt,bucky,vejoz
sparm,whing,fldxt,bucky,vejoz
prims,whang,fldxt,bucky,vejoz
prism,whang,fldxt,bucky,vejoz
crumb,whang,fldxt,pisky,vejoz
crumb,whang,fldxt,spiky,vejoz
crumb,whank,fldxt,gipsy,vejoz
kumbi,wrang,fldxt,psych,vejoz
brick,whump,fldxt,gansy,vejoz
brick,whump,fldxt,yangs,vejoz
bumph,wrick,fldxt,gansy,vejoz
bumph,wrick,fldxt,yangs,vejoz
bring,whump,fldxt,casky,vejoz
bring,whump,fldxt,yacks,vejoz
bumph,wring,fldxt,casky,vejoz
bumph,wring,fldxt,yacks,vejoz
bunch,gawks,fldxt,primy,vejoz
bucks,whang,fldxt,primy,vejoz
bungs,chawk,fldxt,primy,vejoz
bungs,whack,fldxt,primy,vejoz
chimb,swung,fldxt,parky,vejoz
bunch,mawks,fldxt,gripy,vejoz
numbs,chawk,fldxt,gripy,vejoz
numbs,whack,fldxt,gripy,vejoz
minbu,swack,fldxt,gryph,vejoz
minbu,wacks,fldxt,gryph,vejoz
numbs,whick,fldxt,grapy,vejoz
backs,whump,fldxt,girny,vejoz
backs,whump,fldxt,ringy,vejoz
bumph,swack,fldxt,girny,vejoz
bumph,wacks,fldxt,girny,vejoz
bumph,swack,fldxt,ringy,vejoz
bumph,wacks,fldxt,ringy,vejoz
bucks,whamp,fldxt,girny,vejoz
bucks,whamp,fldxt,ringy,vejoz
bumps,chawk,fldxt,girny,vejoz
bumps,whack,fldxt,girny,vejoz
bumps,chawk,fldxt,ringy,vejoz
bumps,whack,fldxt,ringy,vejoz
chump,gawks,fldxt,birny,vejoz
chump,gawks,fldxt,briny,vejoz
gucks,whamp,fldxt,birny,vejoz
gucks,whamp,fldxt,briny,vejoz
bumph,swick,fldxt,angry,vejoz
bumph,wicks,fldxt,angry,vejoz
bumph,swick,fldxt,rangy,vejoz
bumph,wicks,fldxt,rangy,vejoz
bumps,whick,fldxt,angry,vejoz
bumps,whick,fldxt,rangy,vejoz
pucks,whing,fldxt,ambry,vejoz
pucks,whing,fldxt,barmy,vejoz
pungs,whick,fldxt,ambry,vejoz
spung,whick,fldxt,ambry,vejoz
pungs,whick,fldxt,barmy,vejoz
spung,whick,fldxt,barmy,vejoz
bangs,whump,fldxt,ricky,vejoz
bumph,gnaws,fldxt,ricky,vejoz
bumph,swang,fldxt,ricky,vejoz
bungs,whamp,fldxt,ricky,vejoz
bumps,whang,fldxt,ricky,vejoz
champ,swung,fldxt,birky,vejoz
champ,swung,fldxt,kirby,vejoz
chung,swamp,fldxt,birky,vejoz
chung,swamp,fldxt,kirby,vejoz
chump,gnaws,fldxt,birky,vejoz
chump,swang,fldxt,birky,vejoz
chump,gnaws,fldxt,kirby,vejoz
chump,swang,fldxt,kirby,vejoz
chimp,swung,fldxt,barky,vejoz
chimp,swung,fldxt,braky,vejoz
chump,swing,fldxt,barky,vejoz
chump,wings,fldxt,barky,vejoz
chump,swing,fldxt,braky,vejoz
chump,wings,fldxt,braky,vejoz
banks,whump,fldxt,gyric,vejoz
bumph,swank,fldxt,gyric,vejoz
bunks,whamp,fldxt,gyric,vejoz
bumps,whank,fldxt,gyric,vejoz
bumph,swink,fldxt,gracy,vejoz
bumph,winks,fldxt,gracy,vejoz
ginks,whump,fldxt,carby,vejoz
kings,whump,fldxt,carby,vejoz
gucki,braws,fldxt,nymph,vejoz
burga,swick,fldxt,nymph,vejoz
burga,wicks,fldxt,nymph,vejoz
urbic,gawks,fldxt,nymph,vejoz
gibus,wrack,fldxt,nymph,vejoz
bunch,warks,fldxt,gimpy,vejoz
bunch,warks,fldxt,pigmy,vejoz
chunk,braws,fldxt,gimpy,vejoz
chunk,braws,fldxt,pigmy,vejoz
hucks,brawn,fldxt,gimpy,vejoz
shuck,brawn,fldxt,gimpy,vejoz
hucks,brawn,fldxt,pigmy,vejoz
shuck,brawn,fldxt,pigmy,vejoz
bunks,warch,fldxt,gimpy,vejoz
bunks,warch,fldxt,pigmy,vejoz
curbs,whank,fldxt,gimpy,vejoz
scrub,whank,fldxt,gimpy,vejoz
curbs,whank,fldxt,pigmy,vejoz
scrub,whank,fldxt,pigmy,vejoz
brusk,chawn,fldxt,gimpy,vejoz
brusk,chawn,fldxt,pigmy,vejoz
burns,chawk,fldxt,gimpy,vejoz
burns,whack,fldxt,gimpy,vejoz
burns,chawk,fldxt,pigmy,vejoz
burns,whack,fldxt,pigmy,vejoz
brick,swung,fldxt,yamph,vejoz
brick,swung,fldxt,pamhy,vejoz
brick,swung,fldxt,phyma,vejoz
bucks,wring,fldxt,yamph,vejoz
bucks,wring,fldxt,pamhy,vejoz
bucks,wring,fldxt,phyma,vejoz
bungs,wrick,fldxt,yamph,vejoz
bungs,wrick,fldxt,pamhy,vejoz
bungs,wrick,fldxt,phyma,vejoz
brugh,swink,fldxt,campy,vejoz
burgh,swink,fldxt,campy,vejoz
brugh,winks,fldxt,campy,vejoz
burgh,winks,fldxt,campy,vejoz
brusk,whing,fldxt,campy,vejoz
brahm,swung,fldxt,picky,vejoz
rhumb,gnaws,fldxt,picky,vejoz
rhumb,swang,fldxt,picky,vejoz
bucks,wharp,fldxt,mingy,vejoz
burps,chawk,fldxt,mingy,vejoz
burps,whack,fldxt,mingy,vejoz
burps,whick,fldxt,mangy,vejoz
sprug,whick,fldxt,namby,vejoz
brags,whump,fldxt,nicky,vejoz
garbs,whump,fldxt,nicky,vejoz
grabs,whump,fldxt,nicky,vejoz
brugh,swamp,fldxt,nicky,vejoz
burgh,swamp,fldxt,nicky,vejoz
burgs,whamp,fldxt,nicky,vejoz
grubs,whamp,fldxt,nicky,vejoz
cribs,whump,fldxt,kyang,vejoz
crumb,whips,fldxt,kyang,vejoz
crumb,whisp,fldxt,kyang,vejoz
crump,whigs,fldxt,banky,vejoz
bucks,wramp,fldxt,hying,vejoz
bumps,wrack,fldxt,hying,vejoz
barks,whump,fldxt,gynic,vejoz
bumph,warks,fldxt,gynic,vejoz
brusk,whamp,fldxt,gynic,vejoz
carks,whump,fldxt,bingy,vejoz
racks,whump,fldxt,bingy,vejoz
chump,warks,fldxt,bingy,vejoz
crump,hawks,fldxt,bingy,vejoz
murph,swack,fldxt,bingy,vejoz
murph,wacks,fldxt,bingy,vejoz
hucks,wramp,fldxt,bingy,vejoz
shuck,wramp,fldxt,bingy,vejoz
mucks,wharp,fldxt,bingy,vejoz
humps,wrack,fldxt,bingy,vejoz
sumph,wrack,fldxt,bingy,vejoz
rucks,whamp,fldxt,bingy,vejoz
rumps,chawk,fldxt,bingy,vejoz
rumps,whack,fldxt,bingy,vejoz
birks,whump,fldxt,cangy,vejoz
brisk,whump,fldxt,cangy,vejoz
ricks,whump,fldxt,bangy,vejoz
crump,whisk,fldxt,bangy,vejoz
murph,swick,fldxt,bangy,vejoz
murph,wicks,fldxt,bangy,vejoz
humps,wrick,fldxt,bangy,vejoz
sumph,wrick,fldxt,bangy,vejoz
rumps,whick,fldxt,bangy,vejoz
brugh,pawns,fldxt,micky,vejoz
burgh,pawns,fldxt,micky,vejoz
brugh,spawn,fldxt,micky,vejoz
burgh,spawn,fldxt,micky,vejoz
bungs,wharp,fldxt,micky,vejoz
burps,whang,fldxt,micky,vejoz
burps,whing,fldxt,mckay,vejoz
bungs,wramp,fldxt,hicky,vejoz
bumps,wrang,fldxt,hicky,vejoz
bumps,wring,fldxt,chyak,vejoz
bumps,wring,fldxt,hacky,vejoz
girns,whump,fldxt,backy,vejoz
grins,whump,fldxt,backy,vejoz
rings,whump,fldxt,backy,vejoz
grump,whins,fldxt,backy,vejoz
murph,swing,fldxt,backy,vejoz
murph,wings,fldxt,backy,vejoz
humps,wring,fldxt,backy,vejoz
sumph,wring,fldxt,backy,vejoz
rumps,whing,fldxt,backy,vejoz
grump,swank,fldxt,bichy,vejoz
gunks,wramp,fldxt,bichy,vejoz
freck,bovld,whigs,japyx,muntz
fjord,swack,vibex,glyph,muntz
fjord,wacks,vibex,glyph,muntz
jocks,dwarf,vibex,glyph,muntz
fjord,chivw,pbxes,glaky,muntz
chimb,fjord,vangs,expwy,klutz
fremd,bongs,chivw,japyx,klutz
fjord,chivw,pbxes,mangy,klutz
dhikr,jambs,gconv,expwy,fultz
becks,mordv,whing,japyx,fultz
mordv,whing,pbxes,jacky,fultz
jacks,whomp,fldxt,vying,burez
jocks,whamp,fldxt,vying,burez
gconv,hawks,fldxt,jimpy,burez
vangs,chowk,fldxt,jimpy,burez
vamps,wrick,fldxt,benjy,oghuz
bilks,fconv,grewt,japyx,zhmud
flong,verbs,twick,japyx,zhmud
bleck,vingt,frows,japyx,zhmud
fleck,vingt,brows,japyx,zhmud
flock,vingt,brews,japyx,zhmud
breck,vingt,flows,japyx,zhmud
breck,vingt,fowls,japyx,zhmud
breck,vingt,wolfs,japyx,zhmud
freck,vingt,blows,japyx,zhmud
freck,vingt,bowls,japyx,zhmud
brock,vingt,flews,japyx,zhmud
becks,vingt,frowl,japyx,zhmud
frack,vingt,pbxes,jowly,zhmud
flong,twick,pbxes,jarvy,zhmud
vingt,frowl,pbxes,jacky,zhmud
chang,mirvs,fldxt,jowpy,uzbek
ganch,mirvs,fldxt,jowpy,uzbek
chirm,vangs,fldxt,jowpy,uzbek
chimp,gowns,fldxt,jarvy,uzbek
chomp,swing,fldxt,jarvy,uzbek
chomp,wings,fldxt,jarvy,uzbek
gimps,nowch,fldxt,jarvy,uzbek
pings,mowch,fldxt,jarvy,uzbek
comps,whing,fldxt,jarvy,uzbek
chang,vrows,fldxt,jimpy,uzbek
ganch,vrows,fldxt,jimpy,uzbek
schav,grown,fldxt,jimpy,uzbek
schav,wrong,fldxt,jimpy,uzbek
cheng,mirvs,fldxt,jowpy,uzbak
cheng,vrows,fldxt,jimpy,uzbak
gconv,shrew,fldxt,jimpy,uzbak
gconv,wersh,fldxt,jimpy,uzbak
chank,mirvs,fldxt,jowpy,uzbeg
chimp,knows,fldxt,jarvy,uzbeg
chimp,snowk,fldxt,jarvy,uzbeg
chimp,swonk,fldxt,jarvy,uzbeg
chomp,swink,fldxt,jarvy,uzbeg
chomp,winks,fldxt,jarvy,uzbeg
nicks,whomp,fldxt,jarvy,uzbeg
snick,whomp,fldxt,jarvy,uzbeg
skimp,nowch,fldxt,jarvy,uzbeg
pinks,mowch,fldxt,jarvy,uzbeg
spink,mowch,fldxt,jarvy,uzbeg
jinks,whomp,fldxt,carvy,uzbeg
johns,wramp,fldxt,vicky,uzbeg
chank,vrows,fldxt,jimpy,uzbeg
fjeld,gunks,chivw,ampyx,bortz
flegm,dunks,chivw,japyx,bortz
dumbs,gconv,whelk,japyx,fritz
fconv,mawks,judex,gryph,blitz
bumph,njave,fldxt,wicky,grosz
bejan,whump,fldxt,vicky,grosz
jambe,chivw,fldxt,punky,grosz
baken,chivw,fldxt,jumpy,grosz
njave,whick,fldxt,bumpy,grosz
flamb,chivw,expdt,junky,grosz
flank,chivw,expdt,jumby,grosz
knape,chivw,fldxt,jumby,grosz
pekan,chivw,fldxt,jumby,grosz
paven,whick,fldxt,jumby,grosz
avick,whump,fldxt,benjy,grosz
bumph,vinew,fldxt,jacky,grosz
klong,chivw,expdt,jumby,zarfs
gconv,whilk,expdt,jumby,zarfs
jakob,chump,fldxt,wyver,zings
jacko,bumph,fldxt,wyver,zings
jacko,whump,fldxt,verby,zings
brave,chowk,fldxt,jumpy,zings
breva,chowk,fldxt,jumpy,zings
bevor,chawk,fldxt,jumpy,zings
bevor,whack,fldxt,jumpy,zings
javer,chowk,fldxt,bumpy,zings
parve,chowk,fldxt,jumby,zings
paver,chowk,fldxt,jumby,zings
verpa,chowk,fldxt,jumby,zings
prove,chawk,fldxt,jumby,zings
prove,whack,fldxt,jumby,zings
javer,whomp,fldxt,bucky,zings
vocab,whump,fldxt,jerky,zings
bumph,vower,fldxt,jacky,zings
bevor,whump,fldxt,jacky,zings
gconv,whump,fldxt,jerky,sabzi
bronk,chivw,fldxt,jumpy,gazes
gconv,hawks,fldxt,jumby,prize
vangs,chowk,fldxt,jumby,prize
bongs,chivw,fldxt,jumpy,karez
spong,chivw,fldxt,jumby,karez
gconv,whips,fldxt,jumby,karez
gconv,whisp,fldxt,jumby,karez
bonks,chivw,fldxt,jumpy,gazer
knobs,chivw,fldxt,jumpy,gazer
bonks,chivw,fldxt,jumpy,graze
knobs,chivw,fldxt,jumpy,graze
knops,chivw,fldxt,jumby,gazer
knosp,chivw,fldxt,jumby,gazer
knops,chivw,fldxt,jumby,graze
knosp,chivw,fldxt,jumby,graze
jocks,whump,fldxt,vying,braze
jocks,whump,fldxt,vying,zebra
jumps,chowk,fldxt,vying,braze
jumps,chowk,fldxt,vying,zebra
gconv,whisk,fldxt,jumpy,braze
gconv,whisk,fldxt,jumpy,zebra
jacks,bumph,fldxt,wyver,ginzo
becks,whump,fldxt,jarvy,ginzo
jacks,whump,fldxt,verby,ginzo
jumps,chawk,fldxt,verby,ginzo
jumps,whack,fldxt,verby,ginzo
verbs,chawk,fldxt,jumpy,ginzo
verbs,whack,fldxt,jumpy,ginzo
pshav,wreck,fldxt,jumby,ginzo
verbs,whump,fldxt,jacky,ginzo
jumps,whick,fldxt,verby,gazon
jumps,whick,fldxt,verby,zogan
kerbs,chivw,fldxt,jumpy,gazon
krebs,chivw,fldxt,jumpy,gazon
kerbs,chivw,fldxt,jumpy,zogan
krebs,chivw,fldxt,jumpy,zogan
verbs,whick,fldxt,jumpy,gazon
verbs,whick,fldxt,jumpy,zogan
jerks,chivw,fldxt,bumpy,gazon
jerks,chivw,fldxt,bumpy,zogan
perks,chivw,fldxt,jumby,gazon
perks,chivw,fldxt,jumby,zogan
bumps,chivw,fldxt,jerky,gazon
bumps,chivw,fldxt,jerky,zogan
jumps,whick,fldxt,gravy,benzo
jumps,whick,fldxt,gravy,bonze
vughs,wrack,fldxt,jimpy,benzo
vughs,wrack,fldxt,jimpy,bonze
supvr,chawk,fldxt,benjy,gizmo
supvr,whack,fldxt,benjy,gizmo
jerks,chivw,fldxt,pungy,zambo
junks,chivw,fldxt,grype,zambo
pungs,chivw,fldxt,jerky,zambo
spung,chivw,fldxt,jerky,zambo
brack,vughs,fldxt,jowpy,mizen
brack,vughs,fldxt,jowpy,zemni
breck,vughs,fldxt,jowpy,nazim
breck,vughs,fldxt,jowpy,nizam
jocks,bumph,fldxt,wyver,zigan
jocks,whump,fldxt,verby,zigan
jumps,chowk,fldxt,verby,zigan
verbs,chowk,fldxt,jumpy,zigan
jacks,whump,fldxt,grovy,bizen
jacks,whump,fldxt,grovy,zineb
jumps,chawk,fldxt,grovy,bizen
jumps,whack,fldxt,grovy,bizen
jumps,chawk,fldxt,grovy,zineb
jumps,whack,fldxt,grovy,zineb
chump,gowks,fldxt,jarvy,bizen
chump,gowks,fldxt,jarvy,zineb
gucks,whomp,fldxt,jarvy,bizen
gucks,whomp,fldxt,jarvy,zineb
jocks,whump,fldxt,gravy,bizen
jocks,whump,fldxt,gravy,zineb
jumps,chowk,fldxt,gravy,bizen
jumps,chowk,fldxt,gravy,zineb
jumps,whick,fldxt,grovy,bezan
bring,quawk,fldxt,psych,vejoz
hdqrs,fconv,bewig,japyx,klutz
chimp,verbs,quawk,fldxt,zygon
quick,verbs,whamp,fldxt,zygon
chomp,verbs,quawk,fldxt,zingy
quack,verbs,whomp,fldxt,zingy
fcomp,hdqrs,vibex,gunky,waltz
fcomp,hdqrs,vibex,kyung,waltz
bigam,hdqrs,fconv,expwy,klutz
hdqrs,fconv,bewig,ampyx,klutz
fcomp,hdqrs,vixen,gawby,klutz
hdqrs,gconv,bemix,pawky,fultz
qophs,crawm,fldxt,vying,uzbek
hdqrs,fconv,pumex,gawky,blitz
chomp,quawk,fldxt,verby,zings
quack,whomp,fldxt,verby,zings
fcomp,hdqrs,vibex,junky,waltz
brick,squaw,fldxt,nymph,vejoz
cribs,quawk,fldxt,nymph,vejoz
quick,braws,fldxt,nymph,vejoz
squab,wrick,fldxt,nymph,vejoz
squib,wrack,fldxt,nymph,vejoz
flack,hdqrs,vibex,jowpy,muntz
glack,hdqrs,vibex,jowpy,muntz
brock,vingt,seqwl,japyx,zhmud
brigs,quawk,fldxt,nymph,vejoz
hdqrs,flung,twick,ampyx,vejoz
grimp,quawk,fldxt,synch,vejoz
manqu,swick,fldxt,gryph,vejoz
manqu,wicks,fldxt,gryph,vejoz
quags,wrick,fldxt,nymph,vejoz
gconv,whamp,fldxt,jerky,squiz
frock,vingt,seqwl,japyx,zhmud
